"Hash","Path"
"6E6570DC7BF7E8F868C87CDB59629FF6","C:\Users\ACER\OneDrive\Documents\Denahalaya latest\Denahalaya1\Denahalaya\assets\images\about_classroom_1.jpg"
"50C3F16663A0D43C227DC913C9BB46F0","C:\Users\ACER\OneDrive\Documents\Denahalaya latest\Denahalaya1\Denahalaya\assets\images\about_classroom_2.png"
"0D728CE68A6A8713767BEB24C02F66D8","C:\Users\ACER\OneDrive\Documents\Denahalaya latest\Denahalaya1\Denahalaya\assets\images\about_classroom_3.jpg"
"27168F904DAB4BF422D7BF12CAFB3E27","C:\Users\ACER\OneDrive\Documents\Denahalaya latest\Denahalaya1\Denahalaya\assets\images\Abraham OCD.jpg"
"5CFB7056E49C7794AFF59326F781DBD1","C:\Users\ACER\OneDrive\Documents\Denahalaya latest\Denahalaya1\Denahalaya\assets\images\ALLEPPEY.jpg"
"E91BAC5AF6FC204E3BB4122B2B823F3C","C:\Users\ACER\OneDrive\Documents\Denahalaya latest\Denahalaya1\Denahalaya\assets\images\Andrews.jpeg"
"EEF59A254D6F3B16F36B0090392C841C","C:\Users\ACER\OneDrive\Documents\Denahalaya latest\Denahalaya1\Denahalaya\assets\images\Antony.jpeg"
"5CFB7056E49C7794AFF59326F781DBD1","C:\Users\ACER\OneDrive\Documents\Denahalaya latest\Denahalaya1\Denahalaya\assets\images\background.jpg"
"AEF7E7E0BFE50B2E00B6138633C14E46","C:\Users\ACER\OneDrive\Documents\Denahalaya latest\Denahalaya1\Denahalaya\assets\images\Cheriyan.jpg"
"BAD1AF5B3A9D2F034006DBC6914FF50D","C:\Users\ACER\OneDrive\Documents\Denahalaya latest\Denahalaya1\Denahalaya\assets\images\denahalaya_building.jpg"
"1F7E0646E026D80175C97AE54FBF5776","C:\Users\ACER\OneDrive\Documents\Denahalaya latest\Denahalaya1\Denahalaya\assets\images\denahalaya_logo.jpeg"
"AA60018ACB034603CEDA7E475D0C3CBD","C:\Users\ACER\OneDrive\Documents\Denahalaya latest\Denahalaya1\Denahalaya\assets\images\denahalaya_logo.png"
"6182AC092D715C294C51BE86540767C6","C:\Users\ACER\OneDrive\Documents\Denahalaya latest\Denahalaya1\Denahalaya\assets\images\denahalaya_slider1.jpg"
"7D7CFB7F3A5B9F91BF5F48C44128291F","C:\Users\ACER\OneDrive\Documents\Denahalaya latest\Denahalaya1\Denahalaya\assets\images\FR.VARGHESE PULICKAL.jpg"
"BDEF373CC005FA9D6FD51A2AF800B5C8","C:\Users\ACER\OneDrive\Documents\Denahalaya latest\Denahalaya1\Denahalaya\assets\images\FrAnish.jpeg"
"FB3E6783F034F24B0276F1129EB8A93E","C:\Users\ACER\OneDrive\Documents\Denahalaya latest\Denahalaya1\Denahalaya\assets\images\FRScaria.jpg"
"B5FD7253C51FE0CAD7E4DA891363F472","C:\Users\ACER\OneDrive\Documents\Denahalaya latest\Denahalaya1\Denahalaya\assets\images\FRthomas_tharayil.png"
"7B224790FA3D959C46C1E5E85FCB322E","C:\Users\ACER\OneDrive\Documents\Denahalaya latest\Denahalaya1\Denahalaya\assets\images\img_1.jpg"
"144601950159D1036D5C1B19E0051BFD","C:\Users\ACER\OneDrive\Documents\Denahalaya latest\Denahalaya1\Denahalaya\assets\images\img_10.jpg"
"F7273AAE308946D293059A29A08CB130","C:\Users\ACER\OneDrive\Documents\Denahalaya latest\Denahalaya1\Denahalaya\assets\images\img_11.jpg"
"E53FCE86600930A952E71B39FC8D3DB2","C:\Users\ACER\OneDrive\Documents\Denahalaya latest\Denahalaya1\Denahalaya\assets\images\img_2.jpg"
"A30AC1C7B7C05FB02AFC80313E74E58A","C:\Users\ACER\OneDrive\Documents\Denahalaya latest\Denahalaya1\Denahalaya\assets\images\img_3.jpg"
"3935EA80BC0EE3BC29D99F785D9AC70A","C:\Users\ACER\OneDrive\Documents\Denahalaya latest\Denahalaya1\Denahalaya\assets\images\img_4.jpg"
"6CAB790E5585584A687FD63593F46E7F","C:\Users\ACER\OneDrive\Documents\Denahalaya latest\Denahalaya1\Denahalaya\assets\images\img_5.jpg"
"FF702FE5389684D020BA354F250EFC5B","C:\Users\ACER\OneDrive\Documents\Denahalaya latest\Denahalaya1\Denahalaya\assets\images\img_6.jpg"
"A70741795BADBAD4818BE5D98113FDFA","C:\Users\ACER\OneDrive\Documents\Denahalaya latest\Denahalaya1\Denahalaya\assets\images\img_7.jpg"
"DF5537C724837524C627ED3D576C4FC5","C:\Users\ACER\OneDrive\Documents\Denahalaya latest\Denahalaya1\Denahalaya\assets\images\img_8.jpg"
"A19BA6D088F50CBBC4518B64DAB6789B","C:\Users\ACER\OneDrive\Documents\Denahalaya latest\Denahalaya1\Denahalaya\assets\images\img_9.jpg"
"0539EA2325607315E58A42AE382CEB09","C:\Users\ACER\OneDrive\Documents\Denahalaya latest\Denahalaya1\Denahalaya\assets\images\jeslet.jpeg"
"8B23F3BE6CDA2C11252B4DD83E111CE9","C:\Users\ACER\OneDrive\Documents\Denahalaya latest\Denahalaya1\Denahalaya\assets\images\Linta SH.jpeg"
"44042A1DA6255A77C0CAB57B46BA070E","C:\Users\ACER\OneDrive\Documents\Denahalaya latest\Denahalaya1\Denahalaya\assets\images\Philo uthuppan.jpeg"
"46C54A87D8096C4DF15EBDA9BD8E8103","C:\Users\ACER\OneDrive\Documents\Denahalaya latest\Denahalaya1\Denahalaya\assets\images\prakash.jpeg"
"CE90BA046C6679590FAA1CA6A38D3942","C:\Users\ACER\OneDrive\Documents\Denahalaya latest\Denahalaya1\Denahalaya\assets\images\Rolins.jpeg"
"CE8096410F687C9E98E4CDB157C364F3","C:\Users\ACER\OneDrive\Documents\Denahalaya latest\Denahalaya1\Denahalaya\assets\images\SrJiya Maria FCC.jpg"
"FE01129AB7C29C686735176A7239AEB3","C:\Users\ACER\OneDrive\Documents\Denahalaya latest\Denahalaya1\Denahalaya\assets\images\Tijo John.jpg"
